bus_line,direction,stop_count,route_length_km,avg_inter_stop_distance_km,mean_distance_from_center_km,max_distance_from_center_km
211,direction_0,27,7.424557151827797,0.2855598904549153,5.703845595698617,6.489066037332443
211,direction_1,28,7.409062752283991,0.27440973156607373,5.73030943480905,6.47001533072264
C2,direction_0,23,21.66467576729659,0.9847579894225724,10.869975141415793,13.864937623588606
C2,direction_1,18,20.59617359670455,1.211539623335562,9.985043016194517,13.690633367535078
62,direction_0,27,7.976114743707971,0.3067736439887681,1.9893191443651357,4.158272794448331
62,direction_1,29,8.39620882475189,0.29986460088399614,1.8893343375566956,4.158272794448331
105,direction_0,42,14.0602250541713,0.3429323183944218,4.488264213242291,7.6759976860136385
766,direction_0,34,9.528632849734711,0.28874644999196086,5.92572461655284,9.37377185276009
766,direction_1,30,8.291722099484035,0.285921451706346,5.255107576179091,8.804909845193588
773,direction_0,32,7.546594013406305,0.2434385165614937,5.857796149828148,8.055958308090608
773,direction_1,30,7.778125027809714,0.26821120785550734,6.1159211123398585,8.00339415952032
81,direction_0,34,9.739244882821907,0.295128632812785,2.36969906370517,4.888060599165474
81,direction_1,44,10.676635937097133,0.24829385900225895,2.257794617588454,5.059864912507796
31,direction_0,46,14.55646842631183,0.32347707614026283,5.1158270069233245,7.832161360356523
31,direction_1,44,14.410419090420623,0.33512602535861924,5.127437652095353,7.804061925191967
38,direction_0,37,10.228666863983717,0.2841296351106588,5.706885330855474,9.940031377261612
38,direction_1,39,10.4558227450736,0.2751532301335158,5.815313346904929,9.940031377261612
05,direction_0,29,7.234375972409679,0.25837057044320283,24.913929067702746,26.677806992354178
05,direction_1,27,7.019346587672434,0.2699748687566321,24.83406984676472,26.677806992354178
542,direction_0,29,9.609058696280732,0.3431806677243118,5.599532857620036,7.252115057654583
542,direction_1,29,9.393854806687209,0.33549481452454316,5.654073591131056,7.235366222093231
551,direction_0,13,4.400190499330955,0.3666825416109129,12.602232817099981,13.787320383378905
551,direction_1,19,6.415873675358227,0.3564374264087904,13.744027493256143,14.927363094644006
590,direction_0,51,14.00138748995334,0.2800277497990669,3.7768599480270453,8.66605946894308
590,direction_1,45,14.095371349090366,0.32034934884296273,3.744257822126201,8.66605946894308
69,direction_0,29,10.368653608733156,0.37030905745475556,5.39197621330113,8.166699151489425
69,direction_1,28,10.410639117779796,0.3855792265844369,5.476416339680175,8.166699151489425
700,direction_0,10,3.7655825491671764,0.41839806101857513,8.735770566357836,10.781245636809007
700,direction_1,11,4.7430118958745755,0.47430118958745754,9.339758123591077,11.239271557856819
014,direction_0,40,16.020717314289264,0.4107876234433145,21.62053734197842,24.724828537849664
014,direction_1,37,15.925417186553533,0.442372699626487,21.36230977594502,24.69213629461951
058F,direction_0,18,6.233167865200872,0.36665693324711013,11.957755654009073,14.130844343858337
058F,direction_1,24,8.12470240309504,0.35324793056934956,11.580565582951806,14.130844343858337
310,direction_0,21,5.644021428543352,0.28220107142716755,3.4405573489478436,4.824148078431983
310,direction_1,20,5.452146589494852,0.2869550836576238,3.4403850937935707,4.824148078431983
791,direction_0,29,10.99273124703801,0.3925975445370718,4.5730865127057045,8.133678609174721
791,direction_1,31,11.045743212849526,0.36819144042831764,4.643339723464663,8.133678609174721
303,direction_0,26,10.319390230725224,0.41277560922900897,11.841640491503817,12.467826422895126
303,direction_1,26,10.282726520173457,0.41130906080693835,11.82871545288176,12.433319349859783
490,direction_0,36,10.111356664282168,0.2888959046937762,2.9826534129174336,4.794695877890358
490,direction_1,39,10.533781837967503,0.2772047852096711,2.932961151862008,4.794695877890358
90,direction_0,17,9.585381168139659,0.5990863230087287,5.3984992030877,8.780955872891342
90,direction_1,17,9.42880368093745,0.5893002300585907,5.416899946134806,8.780955872891342
905,direction_0,37,13.113807526425624,0.3642724312896007,9.182820599821035,12.437630124896275
905,direction_1,38,13.1526985359308,0.35547833880894053,8.954352009701433,12.437630124896275
115,direction_0,29,6.156429647385615,0.21987248740662907,1.7027589793054627,2.0424178865791935
765,direction_0,28,10.066528691336893,0.3728343959754405,7.739321600730928,8.743202554208152
765,direction_1,31,10.667329591120641,0.3555776530373548,7.700833024453943,8.73457594688076
559,direction_0,38,11.21911467137063,0.3032193154424495,9.454643819935795,10.543663595480895
20,direction_0,15,6.841212825745399,0.48865805898181425,11.497655427488798,12.981323962118097
20,direction_1,24,11.142773272283318,0.48446840314275297,11.94612789426352,13.093578510977789
046,direction_0,35,10.745472275326726,0.31604330221549193,11.313696762668055,12.292571898142315
500,direction_0,19,6.738363703368646,0.37435353907603586,11.42207791171826,12.944944904939714
500,direction_1,18,6.665443477656836,0.3920849104504022,11.40009042500356,12.944944904939714
117,direction_0,33,9.322301102675349,0.29132190945860464,1.252409118876366,2.090538612188552
360,direction_0,29,7.551786999985968,0.2697066785709274,2.5377309768044,3.852612871673045
360,direction_1,28,7.3449549304703945,0.2720353677951999,2.518144728072056,3.852612871673045
772,direction_0,59,15.829705536247557,0.2729259575215096,7.838017041667702,8.90965203400271
071,direction_0,40,13.108534922598263,0.3361162800666222,11.945786240996048,12.524362237049631
04B,direction_0,33,8.350735675351128,0.2609604898547227,17.219379675727232,17.73851529431849
507,direction_0,33,12.521461000030817,0.391295656250963,12.93128080609583,14.279785654620927
507,direction_1,28,12.54669938777793,0.4646925699177011,13.113530462115602,14.30680528017992
201,direction_0,42,14.881026777812073,0.36295187262956274,10.263391408614439,16.642609419329983
201,direction_1,40,14.891492312209884,0.38183313621050996,10.592895946655187,16.630550563767706
338,direction_0,42,12.109874120875553,0.2953627834359891,8.646963068858062,12.016074036905302
338,direction_1,39,9.852397533548725,0.2592736193039138,8.28179518232378,11.489456445426976
705,direction_0,32,11.69102758863552,0.377129922214049,11.3922941786923,13.604756111330747
705,direction_1,19,7.942910862948383,0.4412728257193546,12.075357466315234,13.643533029556254
556,direction_0,38,11.190538644071257,0.3024469903803043,8.844470073201029,10.536900353373092
556,direction_1,36,10.771039726267118,0.3077439921790605,8.81728468444793,10.536900353373092
64,direction_0,15,4.507066795258819,0.32193334251848704,1.1599110585036234,2.254859624879941
64,direction_1,17,4.702008296817998,0.2938755185511249,1.222740750909749,2.242204174591864
52,direction_0,38,9.486566536438081,0.25639369017400226,2.1958894787745256,3.5209097987710365
247,direction_0,19,6.506554344049554,0.36147524133608633,4.351108727014212,7.434317649228541
247,direction_1,21,6.883416464131452,0.3441708232065726,4.711720161562802,7.729812316114608
93,direction_0,21,6.306265013743145,0.3153132506871572,8.249258371785471,9.98751814788254
93,direction_1,23,6.337452572876271,0.2880660260398305,8.422098682766963,10.124802268810123
448,direction_0,22,6.236677764691144,0.29698465546148306,4.605799257994125,5.712639508682634
05B,direction_0,31,6.184608955702207,0.20615363185674024,24.402552353779388,25.267186063421352
05B,direction_1,30,5.850869444130552,0.20175411876312244,24.27305611006938,25.15576047953029
309,direction_0,31,7.850799342037643,0.2616933114012548,6.7481841562070475,8.166293782453439
309,direction_1,34,7.848964838643659,0.23784741935283815,6.154219827734023,8.125847517567358
211F,direction_0,21,5.32136221594971,0.2660681107974855,6.009781978187384,6.489066037332443
211F,direction_1,20,5.013897187445923,0.26388932565504863,5.906750695732272,6.47001533072264
990,direction_0,42,10.089438539311995,0.24608386681248773,4.45128525905218,6.964541644771748
990,direction_1,35,9.101785290543328,0.2676995673689215,4.110958522732079,6.945093110751602
062,direction_0,27,9.696426375244172,0.3729394759709297,24.801159579579643,25.901134178309295
062,direction_1,33,10.037547858790395,0.3136733705871999,24.765560459709775,25.68317534323689
063,direction_0,51,11.532588499575544,0.23065176999151077,17.16321640730914,18.11759577787318
C9,direction_0,47,22.22746738236764,0.48320581266016605,15.413329958845834,25.472493665240446
C9,direction_1,41,21.858393774154006,0.5464598443538501,16.088699059324988,25.472493665240446
762,direction_0,51,11.435104244530377,0.2287020848906075,7.728135542741058,8.513586013083591
C3,direction_0,65,24.50357009909373,0.3828682827983394,4.297153973906354,13.690633367535078
C3,direction_1,82,27.3170633338616,0.33724769547977285,5.74893361625495,13.864937623588606
670,direction_0,55,12.33768821092602,0.22847570760974104,4.731348810736024,6.075821400048978
504,direction_0,37,14.577748398800003,0.40493745552222227,12.522223754567225,14.034805842320699
246,direction_0,18,9.041886992290747,0.5318757054288676,7.814846595953352,12.437630124896275
246,direction_1,18,8.990610646665539,0.5288594498038552,7.508296113160962,12.437630124896275
3BUS,direction_0,41,12.455721369391773,0.3113930342347943,2.400888683914998,3.135173752173992
3BUS,direction_1,42,12.44879371612083,0.3036291150273373,2.3575574072188874,3.1079204677591683
870,direction_0,34,7.750231935571961,0.2348555131991503,3.6509433729403526,6.414543564756743
870,direction_1,38,8.190220086328738,0.22135729963050643,3.5093679620583718,6.414543564756743
311,direction_0,37,9.053784464285581,0.2514940128968217,7.324668668262538,8.541493512104333
311,direction_1,42,10.561221919914681,0.2575907785345045,7.526281795952069,8.541493512104333
021,direction_0,18,4.587252342364341,0.2698383730802553,10.08475350595015,11.883719112160001
021,direction_1,16,4.291955165339713,0.2861303443559809,10.021872145753568,11.796485976269098
75,direction_0,25,7.6594282519138925,0.3191428438297455,1.7873340797538302,2.6839173570524593
75,direction_1,29,7.229304234304308,0.2581894369394396,1.7496402392260018,2.8411095382217013
88,direction_0,39,10.764988177815642,0.2832891625740958,5.679874250682999,8.775830998307777
88,direction_1,43,11.047058726089762,0.2630252077640419,5.723729142181274,8.775830998307777
446,direction_0,43,11.629473334126084,0.2768922222410972,5.767713958958799,6.832605500109225
446,direction_1,36,10.588021703732387,0.3025149058209254,5.719607597445204,6.794689121561711
916,direction_0,45,11.919876687611938,0.2709062883548168,4.610385549398641,7.524054510579647
916,direction_1,47,11.864758052763708,0.25792952288616755,4.381549679009616,7.524054510579647
C7,direction_0,67,38.99155773093904,0.5907811777415004,8.804535880362806,13.864937623588606
C7,direction_1,62,38.08090083073829,0.6242770627989884,8.408539998514986,13.690633367535078
3NAV,direction_0,22,5.690944413930994,0.2709973530443331,2.819944661313299,3.135173752173992
3NAV,direction_1,22,5.62475221220094,0.26784534343814004,2.8054131687314166,3.1079204677591683
509,direction_0,17,9.102537382186716,0.5689085863866699,12.726304855724932,15.146217826284566
509,direction_1,16,9.090207504243255,0.606013833616217,12.857078571391327,15.146217826284566
781,direction_0,19,6.461633522268623,0.35897964012603467,3.2627311881075265,6.178188357167295
781,direction_1,22,6.762040284044799,0.3220019182878476,3.214485019289954,6.178188357167295
451,direction_0,23,8.103699153659763,0.3683499615299893,7.79071671553831,8.700004714563745
451,direction_1,21,7.894211792347241,0.39471058961736205,7.856593025440247,8.710587359088244
60,direction_0,17,8.460022733470241,0.5287514208418901,3.8327848301749206,8.12980179559725
60,direction_1,18,8.642756471893284,0.5083974395231342,3.6135431221253262,8.12980179559725
160,direction_0,37,10.705589664115793,0.29737749066988317,3.0348939491407148,5.742270329130315
160,direction_1,42,12.528266748938679,0.30556748168143116,3.1679936029202094,6.075821400048978
911,direction_0,29,7.772091640301926,0.27757470143935453,5.833451084164554,7.824439129576706
911,direction_1,32,8.174993174686682,0.26370945724795747,5.871615274197085,7.824439129576706
774,direction_0,17,3.6010052374840233,0.22506282734275151,4.44953469340275,5.760245138176409
774,direction_1,20,3.9249243884982175,0.20657496781569568,4.407412787250353,5.760245138176409
709,direction_0,28,16.34247283518536,0.6052767716735318,15.479108911815185,20.253457952619858
709,direction_1,23,15.743519452952656,0.7156145205887571,16.5100899152317,20.253457952619858
118,direction_0,51,21.48040751786883,0.4296081503573766,4.9234411299278396,10.254113450244104
065,direction_0,18,4.369151277995326,0.25700889870560745,17.391455019625763,18.379791293109133
065,direction_1,19,6.011262292676768,0.33395901625982044,17.66003574153964,19.030133829430586
508,direction_0,56,22.806683734448068,0.4146669769899648,14.560446205715257,21.243790277489474
508,direction_1,47,20.037797443125847,0.43560429224186625,13.881411462176963,20.59123861580495
628,direction_0,38,11.407223434436316,0.30830333606584637,2.6225269657862467,5.061255433818926
628,direction_1,42,11.728773715347378,0.2860676515938385,2.5113051759700578,5.061255433818926
786,direction_0,30,7.271627079579202,0.2507457613648001,5.540196688169387,8.088411753880465
786,direction_1,28,7.142091995366019,0.264521925754297,5.636372838004261,8.088411753880465
012,direction_0,37,8.512390497886056,0.23645529160794598,16.587854147441817,16.96092170474418
228,direction_0,55,14.849481349985687,0.27499039537010533,5.50488636484915,8.56292109439053
228,direction_1,17,4.271583518399083,0.2669739698999427,4.4891884244653095,6.21465297402856
111,direction_0,33,7.310943216102929,0.2284669755032166,5.6202710479952325,6.787272315583379
786F,direction_0,40,9.383362296262542,0.24059903323750112,6.131951153313291,8.064752353310558
786F,direction_1,38,9.011357512033419,0.24355020302793023,6.215561477133997,8.00339415952032
545,direction_0,20,5.224377109703497,0.27496721630018406,4.345474520996687,5.059864912507796
545,direction_1,20,5.107055138019427,0.268792375685233,4.348498210529465,5.0100037057393285
168,direction_0,32,8.668554167537057,0.27963077959796945,3.827999775433734,4.960391890278567
168,direction_1,33,9.079973519688862,0.283749172490277,3.847250602575796,4.960391890278567
86,direction_0,30,7.62891872041948,0.26306616277308553,8.56966657313,11.475817835875679
86,direction_1,32,8.10630784459119,0.26149380143842543,8.904852807675528,11.625341694696964
906,direction_0,42,13.497685014820805,0.3292118296297757,7.611638276932129,11.137538242478891
906,direction_1,41,13.157194709657809,0.3289298677414451,7.664075347413421,11.137085673750665
412,direction_0,37,8.752757570240936,0.24313215472891483,5.327686164737098,6.692326847900109
412,direction_1,36,8.341806944184809,0.23833734126242315,5.141926352780671,6.634208932169432
223,direction_0,42,14.06686726768393,0.34309432360204717,5.874072453885907,11.883719112160001
223,direction_1,40,13.729568701384922,0.3520402231124339,5.84468337797786,11.794339825421478
910,direction_0,25,6.421494024031095,0.26756225100129566,2.807606181348332,4.113900774765445
910,direction_1,24,6.584217279859679,0.28627031651563817,2.965825969089593,4.2009661010586585
716,direction_0,47,11.141260527819183,0.24220131582215607,4.337349605252899,7.041430694117707
716,direction_1,49,11.830649155833637,0.2464718574132008,4.388987204470446,7.0666968422753325
32,direction_0,31,10.30120934493136,0.3433736448310453,4.7941357130517,8.75198968869108
32,direction_1,30,10.259247248036568,0.3537671464840195,4.843886521895235,8.75198968869108
558,direction_0,29,8.034909883675688,0.28696106727413173,7.178148852332499,8.688877778529923
558,direction_1,27,6.822495011908235,0.2624036543041629,6.926158310796513,8.688877778529923
089,direction_0,24,13.727379744527505,0.5968425975881523,12.808262357898064,15.676912656207863
089,direction_1,22,11.126001358440146,0.5298095884971499,12.439008075140366,14.594265253107366
654,direction_0,43,12.359494788634844,0.29427368544368676,9.524710933596852,10.768825141732497
20L,direction_0,24,10.845839665057913,0.47155824630686566,11.31591158427564,12.993510178090025
280,direction_0,36,9.635684618383138,0.27530527481094685,2.296732699525747,4.292901909830566
280,direction_1,35,9.125802078999365,0.2684059434999813,2.203512364206488,4.300279764738768
61,direction_0,35,9.923526087745767,0.2918684143454638,3.612762510557445,6.42159323415316
61,direction_1,37,10.729587518739406,0.2980440977427613,3.454081477444073,6.250227233097154
708,direction_0,39,10.474811986272595,0.2756529470071736,9.950798912454596,12.153696814566421
708,direction_1,38,10.177420413812452,0.27506541658952577,9.804950914836132,12.272453000276563
40,direction_0,16,6.889932326071437,0.4593288217380958,0.9020283609675324,1.6785928140232282
719,direction_0,56,15.717698244476853,0.28577633171776096,6.4697601132588485,10.901971723328256
719,direction_1,52,14.742481045532324,0.2890682557947515,5.968833629521044,10.901971723328256
715,direction_0,34,7.723360317809711,0.23404122175180944,3.088337164408037,5.07002753595067
715,direction_1,32,7.623596947103685,0.24592248216463497,3.0130629192012863,5.087275584843635
779,direction_0,45,11.886420059612378,0.27014591044573577,8.343496047910994,9.8690862253522
070,direction_0,28,20.972953995834054,0.7767760739197798,17.1052646249207,24.40896904974425
070,direction_1,25,20.508645808618777,0.8545269086924491,18.75916198955052,24.364186540964653
714,direction_0,24,9.717795999098875,0.422512869526038,4.199209658765956,8.151434868378802
714,direction_1,24,9.794666406672311,0.4258550611596657,4.095181590612797,8.151434868378802
871,direction_0,24,5.224183574218523,0.22713841627037065,2.9149180018845207,3.30702000376816
443,direction_0,19,6.730548135507584,0.37391934086153245,9.520097327124041,10.534103314392135
C11,direction_0,39,19.56154925147158,0.5147776118808312,10.604566192246526,15.281538581976116
C11,direction_1,40,20.25487876468991,0.5193558657612797,10.518945612232068,15.281538581976116
128,direction_0,30,11.25690160194584,0.3881690207567531,7.955682357036284,10.91860294742203
128,direction_1,26,9.969187089101176,0.39876748356404706,6.93637487091804,10.886304821842423
H,direction_0,31,9.14989026582056,0.30499634219401867,2.6555191172479815,5.07886941655365
H,direction_1,31,9.25360755320907,0.308453585106969,2.4484081941658045,4.95634810831885
3L,direction_0,21,6.904790641561045,0.34523953207805236,1.9973376130933889,2.8924085683620624
3L,direction_1,20,6.725085568442212,0.3539518720232744,1.9469237906400454,2.8924085683620624
916F,direction_0,51,14.211317110017564,0.2842263422003513,5.0032404742228875,8.134943027225264
916F,direction_1,47,11.864758052763708,0.25792952288616755,4.381549679009616,7.524054510579647
649,direction_0,27,7.446972742205936,0.2864220285463822,2.7837938561700573,4.227587868818862
649,direction_1,26,7.238787917104739,0.28955151668418955,2.681129385569937,4.227587868818862
671,direction_0,43,12.649269452807749,0.3011730822097084,5.05388301514419,8.133678609174721
671,direction_1,41,12.846967325372221,0.32117418313430546,5.149529769889741,8.133678609174721
119,direction_0,18,4.258108489079098,0.25047696994582935,0.8130554371809438,1.7384102927023077
775,direction_0,52,14.221353249988134,0.2788500637252575,5.866696667150636,7.910969540845456
775,direction_1,50,13.922870266542233,0.2841402095212701,5.748310346055474,7.943234035258977
C5,direction_0,100,31.629752385215383,0.31949244833550894,9.721507431184849,13.864937623588606
C5,direction_1,71,25.594245906757756,0.3656320843822537,8.194258436578897,12.767282823605651
904,direction_0,47,12.940665651170669,0.2813188185037102,9.185887418010264,11.007278058838661
904,direction_1,37,10.925343117827646,0.30348175327299015,8.542690770105473,10.696754423903728
337,direction_0,37,13.740049525116378,0.3816680423643439,10.542849326605568,16.989418571109656
337,direction_1,34,13.752283387519338,0.4167358602278587,10.414337907432337,16.989418571109656
664,direction_0,30,13.557410549989532,0.46749691551688044,7.572576627649143,10.270758419715195
53,direction_0,53,13.433200544032376,0.2583307796929303,2.870921850260384,4.435370744738639
230,direction_0,2,1.4067585194379852,1.4067585194379852,3.955225646180094,4.434340296896478
230,direction_1,2,1.4067585194379852,1.4067585194379852,3.955225646180094,4.434340296896478
980,direction_0,38,9.893433366358078,0.2673900909826509,6.380270173404907,7.964972226033109
980,direction_1,38,9.723826188022327,0.26280611318979263,6.462170621380741,8.021544283481385
052,direction_0,22,7.584631144006327,0.36117291161934884,17.509137603525925,19.019146717235788
706,direction_0,26,8.495082589882042,0.3398033035952816,11.734936533209822,14.112309730700103
706,direction_1,22,7.560653561562877,0.36003112197918463,11.418011638333384,14.112309730700103
769,direction_0,26,6.671065220342516,0.2668426088137006,4.759259799094251,6.670006347488869
769,direction_1,28,6.316078896256419,0.233928848009497,4.739177729061817,6.677038137781348
780,direction_0,24,8.93736693656393,0.38858117115495344,4.888896106836339,8.138019953304005
780,direction_1,24,9.217940933724112,0.4007800405967006,5.078434421503375,8.138019953304005
301,direction_0,37,9.965612607200553,0.27682257242223757,5.940794203325054,9.259843198731499
301,direction_1,37,10.716191195762509,0.29767197766006975,5.92350459030734,9.233311012092269
170,direction_0,32,10.075814597174043,0.32502627732819495,2.942082184079914,6.8559630781589895
170,direction_1,29,9.711474141848578,0.34683836220887787,3.0999597739869182,6.869191472913655
106,direction_0,27,8.405526164082248,0.3232894678493172,9.794797381298153,14.10944280865933
106,direction_1,20,7.209159399622699,0.3794294420854052,10.276919420864129,14.10944280865933
04,direction_0,36,13.594223793543186,0.38840639410123395,19.39973051435761,24.872301522528485
04,direction_1,40,14.199045836857161,0.36407809838095284,19.406252607481672,24.90088948614825
058,direction_0,45,15.329567573396613,0.348399263031741,10.427791666222362,13.51553594273044
058,direction_1,38,13.596698575491285,0.36747833987814277,10.633084782273485,13.543539852086516
06,direction_0,53,19.83009196628812,0.3813479224286177,20.69522528736373,24.838181198207742
06,direction_1,36,13.004961251402094,0.3715703214686313,21.829145484253083,24.802625456363785
07,direction_0,27,13.246216406829896,0.5094698618011498,25.513065976202764,27.554489629169822
07,direction_1,22,10.16382698031856,0.48399176096755053,25.171650506397704,27.13051494400139
16,direction_0,26,6.47701485672405,0.25908059426896207,2.9460671849747544,4.660776675382399
16,direction_1,26,6.188264841346191,0.2475305936538477,2.965045714152538,4.701866286818028
163,direction_0,20,6.335920936694085,0.3334695229838992,6.022154583589019,8.457663830055415
163,direction_1,17,5.5444139861039865,0.3465258741314991,5.451395301518421,8.095672515349927
200,direction_0,23,9.712673650059605,0.4414851659118002,7.123085589882732,11.779656743481612
200,direction_1,21,9.514091137923124,0.4757045568961562,6.941107788400196,11.683228524092515
23,direction_0,36,9.492913164647028,0.2712260904184865,2.8381074285095425,4.972457179454462
23,direction_1,34,9.42653196310209,0.2856524837303664,2.83017596527426,4.955348218360847
30,direction_0,24,13.447310308025877,0.5846656655663425,3.1993091417038926,7.804061925191967
30,direction_1,24,13.895839756180683,0.6041669459208993,3.384848087161926,8.18841851827684
34,direction_0,14,3.22012953105526,0.24770227161963534,2.211460154833052,2.6156644490125767
44,direction_0,33,8.113945068397324,0.2535607833874164,3.5675601668305155,5.741353800166624
44,direction_1,40,8.443665673806903,0.2165042480463308,3.2910430874777865,5.741353800166624
450,direction_0,56,13.536282936809389,0.2461142352147161,7.031567835297011,8.4980536506424
450,direction_1,61,15.419517725806035,0.2569919620967672,7.1545058632521235,8.52671734718876
46,direction_0,46,11.109497296749923,0.24687771770555386,4.464580807814694,6.964541644771748
46,direction_1,43,11.069790590173799,0.26356644262318574,4.415760431434378,6.9447363573650165
46B,direction_0,23,5.090432564527567,0.23138329838761662,6.639057639668586,7.970594278909555
46B,direction_1,25,6.08597877085434,0.2535824487855975,6.677867162305112,8.13907311847565
49,direction_0,43,11.054551781497578,0.26320361384518043,5.061662605150871,7.824439129576706
49,direction_1,44,11.651748544990657,0.2709708963951316,5.240559688548344,7.824439129576706
492,direction_0,40,10.435667477150162,0.2675812173628246,1.9373676129315882,4.293750232259822
492,direction_1,36,9.596861438556578,0.2741960411016165,1.949296574114596,4.293750232259822
495,direction_0,42,10.545527709496826,0.2572079929145567,2.9823618293629095,4.255160529237674
495,direction_1,42,10.875575756156227,0.26525794527210306,2.893992463998418,4.255160529237674
5,direction_0,21,6.601369890288759,0.330068494514438,4.4807600553015074,7.1046854908390165
5,direction_1,24,7.142490143017469,0.3105430496964117,4.645423972373524,7.227798161643792
506,direction_0,27,12.308183382882627,0.47339166857240866,13.158703325171466,15.577442939369998
506,direction_1,34,13.595248442713249,0.41197722553676513,13.306251414549047,15.634010682177049
63,direction_0,45,12.260509807220192,0.27864795016409527,4.431397419100544,9.08733216274655
63,direction_1,46,13.149825182137278,0.2922183373808284,4.0824409728704785,9.08733216274655
70,direction_0,28,7.022511742535146,0.26009302750130164,1.5284000719647997,3.2400784686351027
70,direction_1,25,6.7604378545061365,0.2816849106044223,1.6232756997043245,3.2400784686351027
71,direction_0,38,10.450611225586753,0.28244895204288517,2.059531012382081,4.246744973129029
8,direction_0,16,5.386352054246699,0.3590901369497799,2.3199107126995617,4.055159696400315
8,direction_1,16,5.327385295780808,0.3551590197187206,2.5461341788077068,4.055159696400315
80,direction_0,28,11.757390546860435,0.43545890914297913,5.745520304525849,9.895009785417598
80,direction_1,28,11.812151136340857,0.43748707912373547,5.906618250542805,9.922733685049089
85,direction_0,31,8.632763904863483,0.2877587968287828,2.670883761453379,5.54777498699559
85,direction_1,34,8.679086850447506,0.2630026318317426,2.5133836339726785,5.54777498699559
87,direction_0,33,9.061221945030065,0.28316318578218946,2.380939068159194,4.888711986910828
87,direction_1,34,8.487172293822281,0.25718703920673575,2.3105501703509463,4.888711986910828
913,direction_0,29,7.820332247213689,0.2792975802576318,4.600427443549933,6.942515140960932
913,direction_1,28,8.121549832233397,0.3007981419345703,4.161816859387737,6.942515140960932
92,direction_0,29,8.04672168721487,0.28738291740053107,4.617988163161131,7.379105923503564
92,direction_1,31,8.531091692416405,0.2843697230805468,4.610588456778935,7.501533866657018
98,direction_0,37,9.43600252482321,0.26211118124508914,4.844490153034064,8.064752353310558
98,direction_1,37,9.449534434153234,0.2624870676153676,5.102015422296366,8.064752353310558
981,direction_0,27,14.850222805958804,0.5711624156138001,7.336938591904471,9.386590457069778
981,direction_1,33,15.277698847631248,0.47742808898847655,7.3897295298118735,9.73084203510543
C13,direction_0,57,29.522201546187354,0.5271821704676313,16.667875866214402,24.872301522528485
C13,direction_1,63,31.19671962110526,0.503172897114601,17.000656483835694,24.9589040925168
C4,direction_0,42,41.15033336034699,1.0036666673255366,17.584817643507716,24.872301522528485
C4,direction_1,34,38.776724114439915,1.1750522458921187,19.310528347620405,24.90088948614825
01,direction_0,22,5.665604430247637,0.26979068715464943,25.198304678911118,25.901134178309295
01,direction_1,29,6.222697674142777,0.2222392026479563,25.108053578918142,25.901134178309295
016,direction_0,38,9.20928670664994,0.24889964072026868,17.226404418230363,20.17759870551478
016,direction_1,38,9.842627957828363,0.266016971833199,17.122468630094417,20.17759870551478
016F,direction_0,36,9.391054624718981,0.26831584642054235,17.068439459322512,19.753382089180302
016F,direction_1,41,12.45578659678188,0.3113946649195469,17.351268487226193,20.763050407589617
029,direction_0,8,4.936864071201135,0.7052662958858764,9.101307576119305,9.540934220365234
029,direction_1,9,4.963824540341693,0.6204780675427115,9.04128223964,9.511010282364389
03,direction_0,49,11.63647686044787,0.24242660125933072,17.591468709348423,19.65174740875418
09,direction_0,12,2.120562143116281,0.19277837664693465,13.172182469414428,13.382443473569811
19NAV,direction_0,31,8.483703373147787,0.2827901124382596,2.7136871268656613,3.135173752173992
19NAV,direction_1,28,7.980787457378922,0.29558472064366376,2.723333271022599,3.1079204677591683
2BUS,direction_0,22,6.222376138081481,0.2963036256229277,3.3808838136953194,4.435370744738639
2BUS,direction_1,9,2.423172963253167,0.3028966204066459,3.0729915521155418,4.113386462686068
33,direction_0,32,8.236623226012725,0.2656975234197653,4.111800161426858,5.883372171668954
33,direction_1,31,9.361573220703248,0.3120524406901082,4.187928345973577,6.135261550746319
334,direction_0,40,14.079194129959298,0.36100497769126405,9.206975614227222,10.422791880484164
334,direction_1,36,10.49268883870204,0.2997911096772012,9.316833581965756,10.596785478771931
341,direction_0,34,10.642479496745747,0.322499378689265,8.597664730754913,9.922733685049089
341,direction_1,34,10.368588617649907,0.3141996550803003,8.551251688429048,9.837381806975898
409,direction_0,21,5.578228460924902,0.2789114230462451,4.973879603810459,5.546444050092555
409,direction_1,19,5.33414053616556,0.29634114089808666,4.949542922606841,5.546444050092555
A01,direction_0,7,6.46062939985949,1.0767715666432485,4.0203207032945985,7.441330375238221
A05,direction_0,5,7.593695367619139,1.8984238419047847,11.725830224120688,14.10944280865933
A06,direction_0,7,4.521428619864082,0.7535714366440137,5.259584443152444,7.441330375238221
A07,direction_0,8,6.538037292323129,0.9340053274747327,7.711783649886328,8.03873830714048
A10,direction_0,8,6.685531444867506,0.955075920695358,3.96102814368367,7.627415438159544
A50,direction_0,5,7.78640461348728,1.94660115337182,11.689579206780667,14.10944280865933
A60,direction_0,7,4.6798755994300745,0.779979266571679,5.3406085830943795,7.627415438159544
A70,direction_0,9,7.270604201963868,0.9088255252454835,7.598258959360111,8.02092020387227
C01,direction_0,6,11.764552316926718,2.3529104633853435,13.13073479771927,17.52490853795049
C02,direction_0,3,6.505646681496269,3.2528233407481344,21.4722468159891,24.750605492170415
C03,direction_0,4,6.467557970928524,2.1558526569761747,21.121727367469962,23.563206924618246
C10,direction_0,4,11.078789450748078,3.692929816916026,14.152770532481105,17.593768425064496
C20,direction_0,3,6.493524527261199,3.2467622636305995,21.454468839397475,24.762843737593457
C30,direction_0,4,6.3902115869029466,2.1300705289676487,21.111362370011307,23.563206924618246
G03,direction_0,7,8.16219341609384,1.3603655693489733,3.985357104563307,7.555289724315621
G04,direction_0,4,6.431988336030887,2.1439961120102957,4.435061083912284,7.555289724315621
G05,direction_0,4,4.396295385298984,1.4654317950996614,5.596601210296367,7.555289724315621
G06,direction_0,3,4.888919276316431,2.4444596381582153,9.040557566914021,10.222071361239488
G07,direction_0,5,6.239259682492176,1.559814920623044,4.967631054185443,7.555289724315621
G40,direction_0,4,6.373647155977885,2.1245490519926284,4.391642456733072,7.506979230213416
G50,direction_0,4,4.091210255174838,1.363736751724946,5.655061421980712,7.506979230213416
G60,direction_0,3,5.072536773554664,2.536268386777332,9.005102964962807,10.251197691030654
G70,direction_0,5,5.985929244952523,1.4964823112381307,4.96911266749945,7.506979230213416
L01,direction_0,4,3.575369107630199,1.1917897025433997,9.51887748291291,10.995997671627544
L02,direction_0,5,3.973421216628037,0.9933553041570092,9.382858427254707,10.995997671627544
L03,direction_0,6,7.5498384647824235,1.5099676929564847,7.383849436600886,10.995997671627544
L04,direction_0,8,9.785366086205944,1.3979094408865633,6.2691799086193605,10.995997671627544
L05,direction_0,6,5.162327959578175,1.032465591915635,8.815360628335464,10.995997671627544
L06,direction_0,6,12.48626933009964,2.497253866019928,8.265440855365835,10.995997671627544
L07,direction_0,8,11.676222540394123,1.6680317914848748,5.998411299911391,10.995997671627544
L08,direction_0,9,12.410818563769638,1.5513523204712047,5.712122074344839,10.995997671627544
L10,direction_0,4,3.2690434699169684,1.0896811566389895,9.52584910421961,11.023590892821435
L20,direction_0,5,3.881839294424278,0.9704598236060695,9.324462472179812,11.023590892821435
L30,direction_0,6,7.262324477451538,1.4524648954903077,7.239632289600633,11.023590892821435
L40,direction_0,8,9.495425353315401,1.3564893361879145,6.188782646398787,11.023590892821435
L50,direction_0,6,5.090240576578485,1.018048115315697,8.769255569356135,11.023590892821435
L60,direction_0,6,12.686966364727503,2.5373932729455007,8.314308952620435,11.023590892821435
L70,direction_0,9,11.606279235660375,1.4507849044575472,5.396504878367127,11.023590892821435
L80,direction_0,9,12.235408608872337,1.5294260761090424,5.622048723548007,11.023590892821435
M03,direction_0,7,8.797588449192334,1.4662647415320558,6.332753867421273,9.294084093026985
M04,direction_0,6,6.409749361866766,1.2819498723733531,6.5983216309769555,9.294084093026985
M05,direction_0,4,5.074492801180834,1.6914976003936113,7.3134573926597595,9.294084093026985
M30,direction_0,7,8.62852854771134,1.4380880912852234,6.34607051980445,9.273793644614578
M50,direction_0,4,4.827472160792004,1.609157386930668,7.292775774041001,9.273793644614578
n11,direction_0,61,19.960987190705584,0.332683119845093,7.782006889253591,14.10944280865933
n11,direction_1,65,20.629892622706205,0.32234207222978434,7.63988852666939,14.10944280865933
n5,direction_0,33,11.08310747956642,0.3463471087364507,4.2838065367535085,7.6407367982670396
n5,direction_1,40,11.58787756758551,0.2971250658355258,4.510869670049385,7.710888825449236
n8,direction_0,31,9.227603355777921,0.3075867785259307,2.6534149603819293,5.07886941655365
n8,direction_1,31,9.183594399653447,0.30611981332178156,2.4481568555524382,4.95634810831885
P02,direction_0,5,3.3899155810238146,0.8474788952559537,2.8851668611608536,4.505418338224121
P03,direction_0,5,3.0197511222794597,0.7549377805698649,6.158750710867829,7.372528666848088
P10,direction_0,9,7.0880086288346735,0.8860010786043341,5.063808052703857,7.76857383157277
P20,direction_0,5,3.2398752563939466,0.8099688140984866,2.8900945719204216,4.499405741181444
P30,direction_0,6,3.846246486876901,0.7692492973753802,5.788199119868558,7.351345498893812
T01,direction_0,5,4.309766804471079,1.0774417011177697,12.421014274591698,13.54184116050223
T02,direction_0,9,9.27845377417715,1.159806721772144,10.261866445268375,13.54184116050223
T10,direction_0,4,4.281018023137432,1.4270060077124773,12.260029114466608,13.524414689485914
T20,direction_0,8,9.263654250303206,1.3233791786147437,9.878613164617576,13.524414689485914
020,direction_0,15,7.210069706338568,0.5150049790241834,12.760273849563639,14.92861222677254
100,direction_0,23,4.860724794327983,0.22094203610581742,1.0854155494098836,1.5465519510415633
188,direction_0,22,5.644721662735098,0.2687962696540523,5.492605958061729,6.304824797874014
8BUS,direction_0,16,5.334735657311176,0.3556490438207451,2.3288620067837504,4.0189267675684555
8BUS,direction_1,17,5.368165255029765,0.33551032843936024,2.3891775282449066,3.999687082889891
544,direction_0,35,9.90695577526844,0.2913810522137775,5.684341032014424,7.457052857314782
544,direction_1,35,10.141006080551477,0.29826488472210233,5.931897922579779,7.6759976860136385
350,direction_0,40,11.153784559454307,0.2859944758834438,8.021708590207616,9.667381232518782
350,direction_1,40,11.20258611337661,0.2872457977788875,8.00713287524004,9.695988562408203
043,direction_0,33,10.804007806244035,0.33762524394512616,12.340748579302154,14.667464670573027
043,direction_1,31,9.94449741636469,0.3314832472121564,12.168828030119572,14.667464670573027
14L,direction_0,13,3.886137069386991,0.32384475578224925,3.3161049180485827,4.869268948315973
14L,direction_1,14,3.946340023799795,0.30356461721536887,3.280624513390722,4.869268948315973
313,direction_0,51,13.329660566060342,0.2665932113212069,8.822161123840651,10.367690561668615
313,direction_1,52,13.299805118141183,0.2607804925125722,8.618886130851632,10.381483693968033
120F,direction_0,21,11.076882896541644,0.5538441448270822,5.595082488302151,9.805480069438396
120F,direction_1,29,12.945581263883003,0.46234218799582155,6.240096718769369,10.29289622155105
150F,direction_0,36,22.55374024648631,0.6443925784710375,9.777053459228249,16.386537892679126
150F,direction_1,42,23.452309522180723,0.5720075493214812,9.29005981819977,16.385307990251405
180F,direction_0,15,10.091358102386687,0.7208112930276205,4.94869083909696,8.064752353310558
180F,direction_1,22,11.278670305816123,0.5370795383721964,5.799241895909789,8.064752353310558
190F,direction_0,23,11.501520561692185,0.5227963891678266,5.134141881537988,9.801590727409764
190F,direction_1,25,11.475687271523363,0.47815363631347346,5.133072225638374,9.801590727409764
113,direction_0,38,13.07080235153457,0.3532649284198533,7.995899814652878,10.751439730079984
075,direction_0,41,17.705424220698152,0.4426356055174539,12.04902009895946,16.386537892679126
075,direction_1,46,18.314502630971024,0.4069889473549116,12.217348591783566,16.385307990251405
246P,direction_0,27,16.514988042044124,0.6351918477709279,10.634739434829983,18.05758664475123
246P,direction_1,26,14.671539112595482,0.5868615645038192,9.944162354954047,17.198787750799006
336,direction_0,45,10.874866331605963,0.24715605299104457,7.739070903376117,9.891726155089476
336,direction_1,43,9.968424334537652,0.23734343653661066,7.824569300755264,9.613586704634818
351,direction_0,35,9.04384874337834,0.26599555127583363,6.687991089274571,8.957302841262456
351,direction_1,39,10.246438424592597,0.26964311643664735,6.560716200910893,8.978788665721153
435,direction_0,20,7.969018375884802,0.4194220197834106,7.80894270593851,9.895009785417598
435,direction_1,22,7.689072832932855,0.366146325377755,8.252118196445174,9.922733685049089
82,direction_0,40,12.298373048274533,0.315342898673706,4.106863652032405,6.203670142766567
83,direction_0,42,11.371755040253129,0.27735987903056414,2.8563442364167257,6.159529099503674
83,direction_1,41,11.767048164563464,0.29417620411408657,2.934334343605881,6.2856065919612725
89,direction_0,22,6.073049685233737,0.28919284215398744,2.666555067617969,4.113483465733622
89,direction_1,25,6.448097394694482,0.2686707247789368,2.582453713070162,4.113483465733622
515,direction_0,15,5.784652796422736,0.4131894854587669,12.54642788692865,14.121370487290124
515,direction_1,10,5.065920698995038,0.5628800776661154,13.09822601313667,14.121370487290124
731,direction_0,39,12.99607259499411,0.3420019103945819,13.02595055565205,16.519974398303713
731,direction_1,37,12.565331724466136,0.34903699234628155,12.885446233792553,16.519974398303713
14NAV,direction_0,12,3.203843183413197,0.29125847121938153,6.632080775377497,7.666578427319499
14NAV,direction_1,11,3.123813947917279,0.31238139479172794,6.595774552462665,7.627415438159544
RMG,direction_0,12,5.340856057312203,0.485532368846564,4.368357142599268,7.057660382340377
RMG,direction_1,12,5.329419771256147,0.4844927064778315,4.370453296595719,7.051614853528967
319,direction_0,40,8.849330510916387,0.22690591053631765,7.25276044193555,8.166293782453439
51,direction_0,20,7.430243828128163,0.3910654646383244,1.318205214899936,2.653327346061283
669,direction_0,49,11.739137117331987,0.24456535661108303,4.747931299676186,6.075821400048978
723,direction_0,45,10.258988496887051,0.2331588294747058,9.093567009938685,9.912538764073048
788,direction_0,39,14.09849643124742,0.3710130639801953,9.699828795620503,12.648659658312454
788,direction_1,38,12.932435131355184,0.3495252738204103,9.292563335425838,12.112060256352677
913L,direction_0,26,7.035216811606435,0.28140867246425744,4.942163875349418,6.942515140960932
913L,direction_1,23,6.3044761991332985,0.28656709996060453,4.613793557704688,6.942515140960932
792,direction_0,39,12.984709939672554,0.3417028931492777,4.100492740418685,6.2902867320615234
792,direction_1,38,12.772856824746375,0.3452123466147669,4.0637181221453105,6.2902867320615234
881,direction_0,28,6.9095747451516205,0.2559101757463563,4.354051260702474,6.800757885947542
881,direction_1,29,7.276839518280708,0.2598871256528824,4.753604361095927,6.904878198514152
983,direction_0,54,11.935735370942023,0.2252025541687175,6.279225083440419,7.58493205432181
107,direction_0,38,14.758292438436024,0.398872768606379,17.344102205750385,20.59123861580495
107,direction_1,39,14.735927702593042,0.3877875711208696,17.36203367004091,20.623631162379336
047,direction_0,41,12.474702233443734,0.3118675558360934,11.280987066108995,12.284393905365222
66,direction_0,33,9.166914075874791,0.28646606487108717,5.59727858784284,8.317994841470405
66,direction_1,31,9.01166883017822,0.30038896100594065,5.424148577127026,8.317994841470405
720,direction_0,32,22.605657153887094,0.7292147468995834,8.721582659920323,14.03522466812727
795,direction_0,23,5.437149192979665,0.24714314513543928,14.567473810778893,15.014433790002428
795,direction_1,28,6.682095019102461,0.2474850007074985,14.417336595584723,15.014433790002428
520,direction_0,22,15.087337387673307,0.7184446375082525,10.050248538173404,14.03522466812727
77,direction_0,22,7.8770055732870885,0.37509550348986126,2.6982539828987977,3.1428175583954636
F01,direction_0,10,11.313200707181279,1.25702230079792,4.5718636986695635,9.683174806955561
F02,direction_0,9,11.525878384373074,1.4407347980466345,5.087067414267089,9.683174806955561
F10,direction_0,10,12.123721650836032,1.347080183426226,4.976035328692484,9.694321606210892
F20,direction_0,9,12.347518843955754,1.5434398554944693,5.507930426029473,9.694321606210892
72,direction_0,18,8.257471006517662,0.485733588618686,11.198776711176228,14.73008862848258
72,direction_1,17,7.9203262245954145,0.49502038903721335,10.965832553610667,14.696856345733343
73,direction_0,26,9.804707941766775,0.392188317670671,10.102637341435953,14.73008862848258
73,direction_1,27,9.680956699883204,0.3723444884570463,10.220926913350217,14.706950523998756
073,direction_0,27,14.496420878872367,0.5575546491873987,17.479116616249094,20.112476395478918
073,direction_1,28,14.744013662054035,0.5460745800760753,17.285643632467263,20.142085054728277
74,direction_0,14,4.8190947217250555,0.3706995939788505,9.712937376398761,12.089386831789716
74,direction_1,15,4.971967777464083,0.35514055553314877,9.891998047289146,12.089386831789716
nMA,direction_0,62,19.977122508812254,0.327493811619873,4.267226368221668,10.490761006747684
nMA,direction_1,76,21.389620681321613,0.2851949424176214,4.410732354788702,10.490761006747684
nMB,direction_0,70,21.212225598412967,0.3074235593972893,4.669880285296355,8.457663830055415
nMB,direction_1,62,19.234790199676315,0.3153244295028904,4.340727253523909,8.126970970817647
nMB1,direction_0,49,13.508447148564626,0.28142598226176313,4.19327788957005,6.709665214199355
nME,direction_0,80,33.79333935433112,0.4277637892953306,13.119681403215896,25.66564858236639
nME,direction_1,80,33.19519168790294,0.4201922998468727,13.583637676606639,25.5767731254834
n551,direction_0,30,10.818623884680388,0.3730559960234617,13.312348415202559,14.927363094644006
nMC,direction_0,65,23.657397516356696,0.3696468361930733,7.929307756720053,19.003577037852615
nMC,direction_1,75,23.78916295338625,0.3214751750457601,7.404476300212539,19.003577037852615
n041,direction_0,48,14.998678321841371,0.31912081535832704,9.528224003180089,15.140602484724997
n041,direction_1,40,14.340787351113963,0.3677124961824093,9.245096701735273,14.593883319546563
n075,direction_0,56,21.85270185065329,0.39732185183005975,12.618804632820773,16.386537892679126
n075,direction_1,57,21.983540028354984,0.3925632147920532,12.770717318138377,16.385307990251405
n200,direction_0,50,16.468393241118772,0.33608965798201573,9.167724929832934,12.378021072689947
n200,direction_1,32,11.881396319606711,0.3832708490195713,7.76704678200856,11.683228524092515
n201,direction_0,65,20.96423374988246,0.32756615234191333,7.550630807616415,16.630550563767706
n201,direction_1,64,21.498167007506062,0.3412407461508899,7.474055074849774,16.642609419329983
n3d,direction_0,60,18.75170296343225,0.3178254739564788,2.353685277913998,3.8350283477318774
n3s,direction_0,64,19.017535910449006,0.30186564937220645,2.3645556385594126,3.832502901592408
n409,direction_0,23,6.336336738778755,0.2880153063081252,4.981439901363001,5.540604012179759
n409,direction_1,21,6.256584614834522,0.3128292307417261,4.999905900495499,5.54551305230154
n46,direction_0,55,14.375841155492386,0.26621928065726636,4.015568095399817,6.964541644771748
n46,direction_1,56,14.897062542389461,0.27085568258889925,4.23837754045163,6.945093110751602
n500,direction_0,26,7.91594111835962,0.31663764473438477,10.459131108773304,12.981323962118097
n500,direction_1,25,7.72482931901629,0.3218678882923454,10.501698752430917,12.993510178090025
n543,direction_0,55,18.569175399441058,0.3438736185081677,6.202465023753236,10.877521739437949
n543,direction_1,70,20.54211315483921,0.29771178485274213,6.748064202717732,10.894633065347078
n66,direction_0,40,12.087871709113584,0.30994542843880984,6.198178623139574,8.955586219584731
n66,direction_1,41,12.365078979020867,0.3091269744755217,6.331174828476937,8.92854042274428
n70,direction_0,21,5.817445735400522,0.29087228677002613,1.491311800642628,3.2512447112662977
n70,direction_1,23,5.568124618816278,0.25309657358255805,1.520442061822914,3.2512447112662977
n705,direction_0,45,11.46927882956644,0.26066542794469183,10.121556153669394,13.604756111330747
n705,direction_1,44,11.450598235560003,0.26629298222232567,10.176265782317687,13.643533029556254
n716,direction_0,56,15.740359426615028,0.28618835321118236,4.485589299938307,7.67731108059044
n716,direction_1,51,15.167967167850543,0.3033593433570108,4.384593568802973,7.773152878112479
n719,direction_0,28,8.592532164886494,0.3182419320328331,6.106268979265723,9.294084093026985
n719,direction_1,28,8.706749655644515,0.3224722094683154,6.013771017294075,9.273793644614578
n74,direction_0,55,15.077621352598554,0.27921521023330653,9.504968981730046,12.078434326264487
n781,direction_0,14,3.8840456848007934,0.29877274498467643,4.331561089736715,6.178188357167295
n781,direction_1,16,3.925873326201607,0.2617248884134404,4.399738549130834,6.178188357167295
n90,direction_0,56,14.570798143422003,0.2649236026076728,5.890254714182835,9.891726155089476
n90,direction_1,53,14.01082068373547,0.26943885930260525,5.647121457710553,9.730170880105803
n904,direction_0,67,19.25536588368833,0.2917479679346717,6.911519849292336,10.696754423903728
n904,direction_1,65,19.650173522625195,0.3070339612910186,7.006563629796612,10.696754423903728
n913,direction_0,44,12.304586500860173,0.2861531744386087,4.393233494020358,9.656861155472528
n913,direction_1,80,20.92498742606763,0.26487325855781807,6.68613974352773,10.252409009283037
n92,direction_0,30,8.319321462708608,0.2868731538865037,4.447264866677011,6.57790819010349
n92,direction_1,33,9.08075880945176,0.28377371279536756,4.394129765553358,6.57873697081335
n98,direction_0,48,12.803887674400315,0.2724231420085173,3.9220900887126007,8.064752353310558
n98,direction_1,49,12.723029995785726,0.2650631249122026,4.055946199445813,8.064752353310558
990L,direction_0,17,3.695246120981466,0.23095288256134164,3.4686288843597883,4.1956127578124995
344,direction_0,51,12.668091199854112,0.25336182399708224,8.933418308557377,11.390796907704932
344,direction_1,53,13.809234516748523,0.26556220224516397,8.995290288326924,11.418175491116658
424,direction_0,23,7.24259950897592,0.3292090685898146,9.220426943738797,10.29289622155105
045,direction_0,47,15.663831793358275,0.3405180824643103,16.397212788795947,17.885356955199324
045,direction_1,47,15.671874551394453,0.3406929250303142,16.386834650097683,17.885356955199324
713,direction_0,38,9.778027301124142,0.2642710081384904,7.305313791674118,8.56292109439053
712,direction_0,43,18.58879127098573,0.4425902683568031,13.225660235695678,18.090086929143034
712,direction_1,47,20.445482140342758,0.44446700305092945,13.677971495438838,19.254976837397102
724,direction_0,41,8.91618688706919,0.22290467217672974,8.74807351128944,9.912538764073048
724,direction_1,40,8.73289265094568,0.2239203243832226,8.691553564080554,9.8690862253522
n070,direction_0,58,31.73574682427753,0.5567674881452196,18.113388577315206,24.69213629461951
n070,direction_1,61,32.00199598219642,0.5333665997032736,18.482407958745025,24.6578173014491
779F,direction_0,49,12.401447986750426,0.2583634997239672,8.47083161752007,9.8690862253522
91,direction_0,11,6.661682199068048,0.6661682199068049,6.861165497429775,9.044930747532398
763,direction_0,37,8.285076149100272,0.23014100414167427,8.614215810146371,10.248502449858327
763,direction_1,34,7.445019459785589,0.22560665029653298,8.6022451503534,10.206406244637527
074,direction_0,35,17.880518516031124,0.52589760341268,17.671248642114687,24.38681140703757
074,direction_1,27,14.735443340263698,0.5667478207793729,15.766608028651365,23.201254248455733
557,direction_0,38,10.039795376651211,0.27134582099057325,7.853186784966333,10.002234684299738
557,direction_1,34,8.51856733142796,0.2581384039826655,7.745252991470043,9.858323535809166
763L,direction_0,51,9.96480018773453,0.1992960037546906,8.11702971041978,9.344445544984742
767,direction_0,46,11.365749115339943,0.25257220256310986,7.033233585561116,7.45120786845353
882,direction_0,27,7.7085925905325405,0.2964843304050977,5.393706478045137,7.001403185296266
96,direction_0,27,8.407055673393778,0.32334829513052993,5.5672211809483505,8.0675400421229
96,direction_1,29,8.522699476659916,0.3043821241664255,5.328956805416451,8.0675400421229
7,direction_0,15,5.859199706016049,0.418514264715432,1.9066266132985537,2.833906784136913
7,direction_1,15,5.790434997716762,0.41360249983691155,1.887287377127602,2.7199033175744067
MEA,direction_0,27,18.065612217868626,0.6948312391487932,4.356644518470239,10.420293695132715
MEA,direction_1,27,18.066222985620755,0.694854730216183,4.348827562829054,10.420759598742304
MEB,direction_0,22,17.463749120727943,0.8316071009870449,4.655015516113246,8.167557532992051
MEB,direction_1,22,17.46939080604084,0.8318757526686111,4.652950410823485,8.163022838400751
MEB1,direction_0,19,16.382284439459934,0.9101269133033294,4.229623654646256,7.6698762646460885
MEB1,direction_1,19,16.41079975641656,0.9117110975786975,4.225946411771133,7.678612032210468
MEC,direction_0,24,19.67510022159923,0.8554391400695317,9.876120984286558,18.967506497453584
MEC,direction_1,24,19.676434141726237,0.8554971365967929,9.87958066417139,18.965764285899205
048,direction_0,19,10.766932913671807,0.5981629396484336,19.92459061570862,23.29688664871183
048,direction_1,18,10.558693111236733,0.6210995947786316,19.709727708972636,23.201254248455733
049,direction_0,24,11.287645360529446,0.4907671895882367,15.802261309941121,19.79723087713047
049,direction_1,22,10.304618670250296,0.490696127154776,16.458862939059507,19.79723087713047
051,direction_0,54,16.338149082179083,0.30826696381469976,15.895576243698281,16.72395292743792
051,direction_1,55,16.2422206515483,0.3007818639175612,15.897378217986347,16.743334358896817
053,direction_0,31,8.291442742337017,0.27638142474456723,13.158649290506018,15.248388222310759
053,direction_1,29,7.734586386041849,0.2762352280729233,13.510954691964697,15.20832361743681
054,direction_0,15,4.284797160351103,0.3060569400250788,20.048826915450704,21.68226706586334
054,direction_1,15,4.2310160273473585,0.3022154305248113,20.079740096754897,21.68226706586334
055,direction_0,36,13.083549082936186,0.37381568808389104,17.03164285527286,18.966212870358536
055,direction_1,45,14.96388649753901,0.34008832948952294,16.663760867743687,18.966212870358536
056,direction_0,29,9.332589390033343,0.3333067639297623,12.369939497597393,15.457994098410877
056,direction_1,27,9.493477397681913,0.36513374606468896,12.253401811908551,15.532192038762117
057,direction_0,56,13.916672443511745,0.2530304080638499,13.842048560970198,14.891091088421138
059,direction_0,29,6.8961179498783585,0.24628992678137,12.874213058964342,13.765861485552474
059,direction_1,30,7.383274778403088,0.2545956820138996,12.812126714653743,13.621341755882316
135,direction_0,21,12.582545071184628,0.6291272535592315,8.503061459225837,13.276293466613653
135,direction_1,24,12.659359794482928,0.5504069475862143,8.183606586832482,13.276293466613653
213,direction_0,39,11.12046129409973,0.2926437182657824,7.791973360925801,9.59745237302283
213,direction_1,46,11.801020850895904,0.2622449077976868,7.586904381555153,9.620407730488811
314,direction_0,58,21.345962555934694,0.374490571156749,13.108657400685555,18.205908533898082
314,direction_1,59,21.213315258261744,0.3657468147976162,13.142410242781743,18.227149109376548
340,direction_0,15,8.010860750588478,0.5722043393277484,11.762523301844585,12.644052532366429
340,direction_1,31,12.56683719903074,0.41889457330102464,11.720481971914923,13.355999338600109
343,direction_0,38,11.101769469303022,0.30004782349467624,8.171470194254628,10.304879274705993
343,direction_1,42,10.97602954301829,0.26770803763459255,8.114962506796207,10.29289622155105
404,direction_0,18,5.8576991521731765,0.34457053836312806,10.09718629674115,11.642438934160934
404,direction_1,17,5.749556106826148,0.35934725667663425,10.17667191232206,11.626673248725359
437,direction_0,29,10.940234103305253,0.3907226465466162,8.929795778472622,9.458541149496707
447,direction_0,44,16.097297603174766,0.37435575821336664,9.77356330618076,10.894633065347078
543,direction_0,42,11.066385992435276,0.2699118534740311,9.155764600656987,10.930961560017174
543,direction_1,27,7.593003277679379,0.292038587603053,8.525895702962211,10.989421793269923
548,direction_0,34,10.779665905419492,0.32665654258846943,6.950223315831629,8.698080037456503
548,direction_1,30,10.160879191486291,0.35037514453401003,6.85236938360626,8.710587359088244
552,direction_0,30,8.902544234833448,0.30698428395977406,9.303739587203799,12.981323962118097
552,direction_1,25,8.285149084645942,0.3452145451935809,9.542955687895466,12.993510178090025
555,direction_0,42,15.425759288494021,0.3762380314266834,16.659859871126564,19.003577037852615
555,direction_1,32,11.851194538018172,0.3822965980005862,16.473207745140986,19.003577037852615
702,direction_0,38,15.700921699582542,0.4243492351238525,11.84566603983298,16.677961013480353
702,direction_1,38,15.82615946087711,0.42773403948316513,11.716193311456957,16.719520406032025
721,direction_0,52,14.268024485597797,0.27976518599211375,8.54025992565708,9.852886912830483
764,direction_0,32,7.4527071168486305,0.24040990699511713,7.187339459636947,7.832161360356523
764,direction_1,28,6.769670508295556,0.25072853734427986,7.234086957274251,7.804061925191967
789,direction_0,39,18.079139906608315,0.47576683964758726,9.626009401579196,11.484831175207967
789,direction_1,35,17.10403212976991,0.5030597685226444,9.796830994635238,11.484831175207967
789F,direction_0,24,8.496239999940258,0.3694017391278373,9.388151600157553,11.289066136270485
789F,direction_1,22,7.951969157420385,0.3786651979723993,9.54595598369557,11.254664494717797
036,direction_0,58,23.793648827461784,0.4174324355695051,18.399231068393274,22.69665920372671
017,direction_0,50,11.876617208320802,0.24237994302695515,15.021180350145128,16.077808637551765
035,direction_0,24,8.601677826544494,0.37398599245845626,14.844043544316465,19.02251530333475
035,direction_1,27,9.94013983137153,0.38231307043736656,14.378824649789143,19.02251530333475
027,direction_0,23,7.1922414666678165,0.3269200666667189,11.316315081758836,13.113851678354624
027,direction_1,29,8.14157772011579,0.29077063286127824,11.676908037395073,13.092991238132907
031,direction_0,33,12.895976392834465,0.4029992622760772,12.605389324516961,14.660540294457487
031,direction_1,42,15.850838733155703,0.38660582275989513,11.856375821509207,14.661193791961033
908,direction_0,44,10.871670745984018,0.25282955223218645,7.870696943969247,9.146432250675534
908,direction_1,34,8.58199975080957,0.2600605985093809,7.951706362603797,9.142624810986215
546,direction_0,56,14.412211978294973,0.26204021778718123,7.008715816421195,10.097372762220727
546,direction_1,60,14.940888141897796,0.2532353922355559,7.225817843151133,10.252409009283037
992,direction_0,25,5.365463287298628,0.22356097030410949,9.95405659523568,10.252409009283037
022,direction_0,16,6.855049280346291,0.45700328535641943,10.517145822200401,11.683228524092515
022,direction_1,20,7.367330360596469,0.3877542295050774,10.529479924743516,11.779656743481612
037,direction_0,22,4.883003181118763,0.2325239610056553,11.293584519776205,11.938700776315404
037,direction_1,16,3.1826394118024908,0.2121759607868327,11.14479106259698,11.779656743481612
907,direction_0,46,11.83527873643818,0.2630061941430707,7.40107587725209,11.773951098694063
907,direction_1,41,11.695861563031807,0.29239653907579516,7.117775720855723,11.883719112160001
998,direction_0,61,15.192392048371763,0.2532065341395294,9.216079893234005,10.950441056465664
998,direction_1,55,13.766502987792444,0.2549352405146748,9.582081171376936,10.950441056465664
013,direction_0,51,11.338394879937736,0.22676789759875465,15.076526688520133,16.25251482684793
025,direction_0,35,12.68587635874966,0.37311401055146054,12.656331473368606,17.949182133103065
025,direction_1,32,12.581734432236653,0.405862401039892,12.708313896174964,17.93149614501464
778,direction_0,31,7.581532619505295,0.2527177539835099,8.856261571585323,10.301729723424524
778,direction_1,36,8.884029963310288,0.2538294275231511,9.386154076851009,10.857572047966137
066,direction_0,37,18.091845069299957,0.5025512519249989,21.174603054789667,24.40896904974425
066,direction_1,48,21.785695452352112,0.4635254351564279,19.65100081496918,24.40896904974425
038,direction_0,19,4.266317317583667,0.2370176287546481,10.297960807924104,11.06648137471541
038,direction_1,18,4.23602537069957,0.24917796298232767,10.232948473405804,11.103514113981284
985,direction_0,26,8.878137712892952,0.355125508515718,6.555903403557705,8.254446512031977
985,direction_1,39,11.8584103208358,0.31206342949567895,6.236531500176831,8.217816510498206
771,direction_0,35,12.883347264039125,0.378921978354092,7.56846863039289,10.268063590908632
771,direction_1,43,15.234554828969616,0.362727495927848,7.830216353923451,10.268063590908632
701,direction_0,41,18.105608741132386,0.45264021852830955,10.828442000037269,16.657903321497262
701,direction_1,40,15.776091240418348,0.4045151600107268,10.627000818566056,16.643055441539
912,direction_0,24,4.753930180184977,0.20669261652978163,6.899176663088697,7.414235555062644
018,direction_0,42,15.044370631047354,0.36693586904993536,20.44605807274799,21.750118269488542
710,direction_0,31,6.914650954954096,0.23048836516513657,3.9766379296886014,6.01961519542897
710,direction_1,36,7.034045757112281,0.20097273591749373,4.145076999754607,6.018963313642617
011,direction_0,18,5.565044735176139,0.3273555726574199,20.57701474539608,21.750118269488542
08,direction_0,43,11.093301286302754,0.2641262211024466,17.93083927443594,20.559118255352413
08,direction_1,48,11.526191224047173,0.24523811114993976,17.64630573957784,20.59804101835969
982,direction_0,50,13.295981573298498,0.2713465627203775,2.944926516489427,4.134142753290099
982,direction_1,44,12.377476956260898,0.28784830130839295,2.890026787737621,4.12907055939192
993,direction_0,34,11.431996224278206,0.34642412800843053,8.138104339975664,10.252409009283037
993,direction_1,34,11.397504720168518,0.34537893091419747,8.27168211086503,10.236702329149924
146,direction_0,31,9.175556676593388,0.30585188921977957,7.1733312283511514,9.801590727409764
146,direction_1,33,9.340654356044963,0.29189544862640515,7.164702278981182,9.801590727409764
078,direction_0,47,12.806953688943459,0.27841203671616216,11.841924452516576,14.363379950036594
078,direction_1,32,7.434833394734742,0.23983333531402393,10.934333927703262,13.203493357658978
892,direction_0,30,7.593302434613387,0.2618380149866685,5.606819382940816,7.72392316226545
892,direction_1,29,7.364709585160558,0.2630253423271628,5.641051097521769,7.742169248043107
808,direction_0,34,14.33213380837499,0.4343070851022724,9.64753655323946,15.62951044697016
808,direction_1,35,14.810715551678928,0.4356092809317333,9.88348872576758,15.676912656207863
889,direction_0,40,10.399202014677213,0.2666462055045439,5.778610850557393,8.064752353310558
889,direction_1,42,10.344314438138452,0.2523003521497184,5.842894309586133,8.064752353310558
039,direction_0,15,6.122216427749765,0.43730117341069746,11.005136384263066,13.276293466613653
039,direction_1,30,11.616061620042316,0.4005538489669763,11.071570659497818,13.276293466613653
999,direction_0,58,14.836076598570662,0.26028204558895907,8.318481592240888,9.810031344345381
028,direction_0,28,10.195228692541692,0.37760106268672927,9.569601547779113,10.713287733116893
028,direction_1,32,12.538246654878659,0.4044595695122148,9.425910963831678,10.698965248578569
787,direction_0,45,13.613748408279122,0.3094033729154347,9.6683700159583,12.272453000276563
226,direction_0,22,6.370163040195168,0.30334109715215085,6.323693488048067,9.018127112476247
226,direction_1,22,6.26196841065554,0.2981889719359781,6.4284151316546705,9.005646027523948
033,direction_0,21,6.105976861847566,0.3052988430923783,13.372393795223346,15.162021509880994
033,direction_1,18,5.422432253012891,0.31896660311840536,12.850014932674817,14.820545148346122
711,direction_0,49,14.711794797806924,0.30649572495431093,6.2404297009104965,7.007724212638129
088,direction_0,44,12.805854253213859,0.2978105640282293,8.262409085166546,11.856983958317828
088,direction_1,40,12.248812266808564,0.3140721094053478,8.656421098181571,12.081333898475142
030,direction_0,28,12.825482819085385,0.4750178821883476,19.13740282283833,22.55515685061214
030,direction_1,39,18.24702638664074,0.48018490491159843,20.519322157598463,23.926451251935344
081,direction_0,26,13.185083620640071,0.5274033448256028,15.665367185868535,16.657903321497262
088F,direction_0,48,14.274555540832589,0.30371394767728915,8.761364766105407,11.856983958317828
088F,direction_1,46,14.278141298813432,0.31729202886252067,8.932559589108136,12.081333898475142
777,direction_0,35,7.553907396544451,0.22217374695718978,9.109194857032074,10.742976688892282
777,direction_1,34,7.78725935054761,0.23597755607720036,9.050673831037363,10.746088657083778
024,direction_0,18,12.265292862442285,0.7214878154377815,21.98509679067926,22.69665920372671
036L,direction_0,27,9.472138654427878,0.3643130251703029,23.41597687171634,24.51590768300584
032,direction_0,30,6.631261574654999,0.22866419222948278,15.373758457162324,15.835762471464507
C1,direction_0,30,6.517961666460508,0.22475729884346576,13.27006846586854,13.864937623588606
907L,direction_0,63,14.812968319482778,0.23891884386262555,6.020623826570921,6.73753972044598
C19,direction_0,42,14.464035447300017,0.3527813523731711,22.318519640025112,24.762843737593457
C6,direction_0,77,29.27021856333692,0.38513445478074904,7.855950296220632,13.864937623588606
C6,direction_1,68,28.06134216128638,0.4188260024072595,7.234227422002275,13.690633367535078
042,direction_0,29,9.622395743882429,0.3436569908529438,17.625263108799167,20.59123861580495
042,direction_1,28,9.690083714078895,0.3588919894103295,17.693032324071428,20.623631162379336
533,direction_0,20,4.946127424663683,0.2603224960349307,10.709936442743777,10.970296823634008
533,direction_1,18,5.398884152656441,0.3175814207444965,10.363781069766842,10.970296823634008
235,direction_0,34,8.89843595468167,0.2696495743842931,6.320914787167451,9.271207837725399
235,direction_1,34,8.891880256657204,0.26945091686840006,6.315432650955623,9.285292494492912
663,direction_0,24,6.963710393233801,0.30277001709712176,7.455661574963146,9.384289566957356
663,direction_1,22,7.2246224180830625,0.3440296389563363,7.31682683899136,9.605557174301863
657,direction_0,19,4.644709815177844,0.25803943417654696,7.502283970854286,9.207565634723155
657,direction_1,20,4.641263114727974,0.24427700603831443,7.225967814876819,9.248845042361447
040,direction_0,35,12.60737076644706,0.37080502254256065,12.850806537287772,16.77101162182573
040,direction_1,33,12.29149142197308,0.3841091069366587,12.485957689309672,16.77101162182573
503,direction_0,14,5.520410073066053,0.4246469286973887,11.17944323979095,11.886279963917726
444,direction_0,22,5.7572694649197995,0.2741556888057047,9.469949003311477,10.447328461834623
444,direction_1,20,5.857591762679796,0.30829430329893664,9.475302196468935,10.378435320460273
441,direction_0,19,4.868339608339138,0.27046331157439657,5.589300782339132,6.5664279150862885
441,direction_1,20,5.065525558600319,0.2666066083473852,5.609571115090134,6.5664279150862885
041,direction_0,30,10.196241594582112,0.3515945377442108,11.870212645529897,14.671873817445865
041,direction_1,33,10.777480020758343,0.3367962506486982,12.184169370602438,15.140602484724997
445,direction_0,10,2.0425291711609823,0.22694768568455365,4.549336514406141,5.176031239526964
445,direction_1,10,2.1084072361891963,0.2342674706876885,4.576069951566209,5.199451782599286
502,direction_0,29,8.694614218823334,0.3105219363865476,11.251189230824686,12.25866665922328
502,direction_1,27,8.037552038431553,0.309136616862752,10.991935410994786,12.230433332838484
541,direction_0,26,8.530184736254697,0.34120738945018786,7.217504857267086,10.817829380864202
541,direction_1,26,8.881320800145835,0.3552528320058333,7.478084463954925,10.817829380864202
505,direction_0,28,12.78536310653069,0.47353196690854393,13.525934398907822,16.394702946657684
041F,direction_0,31,12.884937807079936,0.4294979269026644,12.611162436735533,16.77101162182573
041F,direction_1,32,13.017169603944245,0.4199086969014272,12.498216547275142,16.77101162182573
218,direction_0,43,16.18591159835194,0.38537884757980806,8.650222688405675,14.890708374059992
218,direction_1,42,16.197317740029234,0.3950565302446153,8.607824107549764,14.890708374059992
339,direction_0,32,7.080114567223433,0.22839079249107846,7.199924079703212,7.7999779782682905
660,direction_0,15,6.3091882189112525,0.45065630135080376,5.604888139993702,6.115517870601202
040F,direction_0,27,8.703389452846464,0.33474574818640246,11.59786236746286,14.409486492326929
040F,direction_1,28,8.844966646838145,0.3275913572903017,11.61291219529211,14.409486492326929
349,direction_0,43,9.197459241542326,0.2189871247986268,7.153148553326497,7.794847171164685
665,direction_0,53,11.831371856899146,0.22752638186344518,3.517191061965649,4.413262390593597
C8,direction_0,39,14.041372548290108,0.36950980390237126,8.774396034646308,15.281538581976116
C8,direction_1,44,14.764844122818692,0.3433684679725278,8.473742286379716,15.281538581976116
